a,b,metric,median_diff,sessions_higher,n_sessions,n_insertions,wilcoxon_p
waveform_pca_16,waveform_pca_48,beh_r_mean,-0.017022463849683145,2,26,50,2.086162567138672e-06
waveform_pca_16,waveform_pca_48,r2_wave,-0.015684425428272086,0,26,50,2.9802322387695312e-08
waveform_pca_16,waveform_pca_48,r2_amp_spatial,0.003183320835341751,20,26,50,0.006130725145339966
waveform_pca_16,waveform_pca_48,r2_env_gamma,0.0003205577742492506,11,26,50,0.4677756428718567
group_pca_pooled_48,waveform_pca_48,beh_r_mean,0.23577592012560075,25,26,50,8.940696716308594e-08
group_pca_pooled_48,waveform_pca_48,r2_wave,-0.9038617021864179,0,26,50,2.9802322387695312e-08
group_pca_pooled_48,waveform_pca_48,r2_amp_spatial,0.46825665271709976,26,26,50,2.9802322387695312e-08
group_pca_pooled_48,waveform_pca_48,r2_env_gamma,0.44199632457040905,26,26,50,2.9802322387695312e-08
group_pca_weighted_48,waveform_pca_48,beh_r_mean,0.24025390826855889,25,26,50,5.960464477539063e-08
group_pca_weighted_48,waveform_pca_48,r2_wave,-0.02276656173419561,0,26,50,2.9802322387695312e-08
group_pca_weighted_48,waveform_pca_48,r2_amp_spatial,0.36111490526406603,26,26,50,2.9802322387695312e-08
group_pca_weighted_48,waveform_pca_48,r2_env_gamma,0.362673799451543,26,26,50,2.9802322387695312e-08
group_wave+amp1,waveform_pca_48,beh_r_mean,0.2368161627139662,25,26,50,5.960464477539063e-08
group_wave+amp1,waveform_pca_48,r2_wave,-0.02284923979119563,0,26,50,2.9802322387695312e-08
group_wave+amp1,waveform_pca_48,r2_amp_spatial,0.3390650140959002,26,26,50,2.9802322387695312e-08
group_wave+amp1,waveform_pca_48,r2_env_gamma,0.3127622408536501,26,26,50,2.9802322387695312e-08
group_wave+amp1_pooled,waveform_pca_48,beh_r_mean,0.24042429089919518,25,26,50,5.960464477539063e-08
group_wave+amp1_pooled,waveform_pca_48,r2_wave,-0.022772198822053724,0,26,50,2.9802322387695312e-08
group_wave+amp1_pooled,waveform_pca_48,r2_amp_spatial,0.36095682672466406,26,26,50,2.9802322387695312e-08
group_wave+amp1_pooled,waveform_pca_48,r2_env_gamma,0.362637361759673,26,26,50,2.9802322387695312e-08
ae_depth_48,waveform_pca_48,beh_r_mean,0.21570900358697156,25,26,50,8.940696716308594e-08
ae_depth_48,waveform_pca_48,r2_wave,-0.12437821585496844,0,26,50,2.9802322387695312e-08
ae_depth_48,waveform_pca_48,r2_amp_spatial,0.28343133075459265,26,26,50,2.9802322387695312e-08
ae_depth_48,waveform_pca_48,r2_env_gamma,0.14158904799327304,26,26,50,2.9802322387695312e-08
ae_global_48,waveform_pca_48,beh_r_mean,0.255108714839563,26,26,50,2.9802322387695312e-08
ae_global_48,waveform_pca_48,r2_wave,-0.2867330207303517,0,26,50,2.9802322387695312e-08
ae_global_48,waveform_pca_48,r2_amp_spatial,0.3809082689433628,26,26,50,2.9802322387695312e-08
ae_global_48,waveform_pca_48,r2_env_gamma,0.24455539044848046,26,26,50,2.9802322387695312e-08
ae_masked_48,waveform_pca_48,beh_r_mean,0.2241574403463439,25,26,50,5.960464477539063e-08
ae_masked_48,waveform_pca_48,r2_wave,-0.1656967752672906,0,26,50,2.9802322387695312e-08
ae_masked_48,waveform_pca_48,r2_amp_spatial,0.3091760885360421,26,26,50,2.9802322387695312e-08
ae_masked_48,waveform_pca_48,r2_env_gamma,0.14643187632225033,26,26,50,2.9802322387695312e-08
ae_anatomy_48,waveform_pca_48,beh_r_mean,0.21688545190412398,25,26,50,8.940696716308594e-08
ae_anatomy_48,waveform_pca_48,r2_wave,-0.10050618253504706,0,26,50,2.9802322387695312e-08
ae_anatomy_48,waveform_pca_48,r2_amp_spatial,0.30017662863018735,26,26,50,2.9802322387695312e-08
ae_anatomy_48,waveform_pca_48,r2_env_gamma,0.16963748547444377,26,26,50,2.9802322387695312e-08
ae_filterbank_48,waveform_pca_48,beh_r_mean,0.1872663621109379,26,26,50,2.9802322387695312e-08
ae_filterbank_48,waveform_pca_48,r2_wave,-0.13065913574351212,0,26,50,2.9802322387695312e-08
ae_filterbank_48,waveform_pca_48,r2_amp_spatial,0.1706656876729476,26,26,50,2.9802322387695312e-08
ae_filterbank_48,waveform_pca_48,r2_env_gamma,0.05929577582987908,26,26,50,2.9802322387695312e-08
ae_waveamp_48,waveform_pca_48,beh_r_mean,0.191359379678102,24,26,50,1.4901161193847656e-07
ae_waveamp_48,waveform_pca_48,r2_wave,-0.022606540386918506,0,26,50,2.9802322387695312e-08
ae_waveamp_48,waveform_pca_48,r2_amp_spatial,0.15094139671213516,26,26,50,2.9802322387695312e-08
ae_waveamp_48,waveform_pca_48,r2_env_gamma,0.16386930488746787,26,26,50,2.9802322387695312e-08
bank_wave+rms+psd,waveform_pca_48,beh_r_mean,0.2637102084639533,26,26,50,2.9802322387695312e-08
bank_wave+rms+psd,waveform_pca_48,r2_wave,-0.055879605059095006,0,26,50,2.9802322387695312e-08
bank_wave+rms+psd,waveform_pca_48,r2_amp_spatial,1.0119405502723464,26,26,50,2.9802322387695312e-08
bank_wave+rms+psd,waveform_pca_48,r2_env_gamma,0.7062135339002896,26,26,50,2.9802322387695312e-08
waveform_pca_16,group_pca_weighted_48,beh_r_mean,-0.26469544014689256,1,26,50,5.960464477539063e-08
waveform_pca_16,group_pca_weighted_48,r2_wave,0.008950828783914844,24,26,50,5.662441253662109e-07
waveform_pca_16,group_pca_weighted_48,r2_amp_spatial,-0.35563087165716695,0,26,50,2.9802322387695312e-08
waveform_pca_16,group_pca_weighted_48,r2_env_gamma,-0.36268135202862567,0,26,50,2.9802322387695312e-08
waveform_pca_48,group_pca_weighted_48,beh_r_mean,-0.24025390826855889,1,26,50,5.960464477539063e-08
waveform_pca_48,group_pca_weighted_48,r2_wave,0.02276656173419561,26,26,50,2.9802322387695312e-08
waveform_pca_48,group_pca_weighted_48,r2_amp_spatial,-0.36111490526406603,0,26,50,2.9802322387695312e-08
waveform_pca_48,group_pca_weighted_48,r2_env_gamma,-0.362673799451543,0,26,50,2.9802322387695312e-08
group_pca_pooled_48,group_pca_weighted_48,beh_r_mean,-0.008284324773252472,9,26,50,0.24723756313323975
group_pca_pooled_48,group_pca_weighted_48,r2_wave,-0.8587839118690286,0,26,50,2.9802322387695312e-08
group_pca_pooled_48,group_pca_weighted_48,r2_amp_spatial,0.10417542661576856,26,26,50,2.9802322387695312e-08
group_pca_pooled_48,group_pca_weighted_48,r2_env_gamma,0.07579250086538669,26,26,50,2.9802322387695312e-08
group_wave+amp1,group_pca_weighted_48,beh_r_mean,-0.0014065535378714467,9,26,50,0.4082431197166443
group_wave+amp1,group_pca_weighted_48,r2_wave,-3.0269913508518265e-05,8,26,50,0.2269585132598877
group_wave+amp1,group_pca_weighted_48,r2_amp_spatial,-0.008916324682661375,11,26,50,0.05251908302307129
group_wave+amp1,group_pca_weighted_48,r2_env_gamma,-0.004077613888353149,10,26,50,0.020428627729415894
group_wave+amp1_pooled,group_pca_weighted_48,beh_r_mean,-4.911414175440276e-05,13,26,50,0.8028007447719574
group_wave+amp1_pooled,group_pca_weighted_48,r2_wave,7.104863531171013e-06,21,26,50,0.00863465666770935
group_wave+amp1_pooled,group_pca_weighted_48,r2_amp_spatial,-0.0001235743496175723,10,26,50,0.17308396100997925
group_wave+amp1_pooled,group_pca_weighted_48,r2_env_gamma,-7.913049329649757e-06,13,26,50,0.6170915961265564
ae_depth_48,group_pca_weighted_48,beh_r_mean,-0.025974654424065435,1,26,50,1.4901161193847656e-07
ae_depth_48,group_pca_weighted_48,r2_wave,-0.08295013641880483,0,26,50,2.9802322387695312e-08
ae_depth_48,group_pca_weighted_48,r2_amp_spatial,-0.08944764755652661,1,26,50,5.960464477539063e-08
ae_depth_48,group_pca_weighted_48,r2_env_gamma,-0.20546431400289314,0,26,50,2.9802322387695312e-08
ae_global_48,group_pca_weighted_48,beh_r_mean,0.01634741676335849,23,26,50,9.149312973022461e-06
ae_global_48,group_pca_weighted_48,r2_wave,-0.23895366774966864,0,26,50,2.9802322387695312e-08
ae_global_48,group_pca_weighted_48,r2_amp_spatial,0.02996873606664327,19,26,50,0.006130725145339966
ae_global_48,group_pca_weighted_48,r2_env_gamma,-0.10956845971415904,0,26,50,2.9802322387695312e-08
ae_masked_48,group_pca_weighted_48,beh_r_mean,-0.01889762608172668,5,26,50,0.0008353888988494873
ae_masked_48,group_pca_weighted_48,r2_wave,-0.09190657247229711,0,26,50,2.9802322387695312e-08
ae_masked_48,group_pca_weighted_48,r2_amp_spatial,-0.052586332990159496,6,26,50,0.0002174675464630127
ae_masked_48,group_pca_weighted_48,r2_env_gamma,-0.20046092772157534,0,26,50,2.9802322387695312e-08
ae_anatomy_48,group_pca_weighted_48,beh_r_mean,-0.02393552267237134,4,26,50,9.450316429138184e-05
ae_anatomy_48,group_pca_weighted_48,r2_wave,-0.06716555754018289,0,26,50,2.9802322387695312e-08
ae_anatomy_48,group_pca_weighted_48,r2_amp_spatial,-0.07562750729183755,2,26,50,5.662441253662109e-07
ae_anatomy_48,group_pca_weighted_48,r2_env_gamma,-0.20032088785082117,0,26,50,2.9802322387695312e-08
ae_filterbank_48,group_pca_weighted_48,beh_r_mean,-0.04349270461580207,4,26,50,3.2782554626464844e-06
ae_filterbank_48,group_pca_weighted_48,r2_wave,-0.09681555072491704,0,26,50,2.9802322387695312e-08
ae_filterbank_48,group_pca_weighted_48,r2_amp_spatial,-0.18329034861737054,0,26,50,2.9802322387695312e-08
ae_filterbank_48,group_pca_weighted_48,r2_env_gamma,-0.2991243184231175,0,26,50,2.9802322387695312e-08
ae_waveamp_48,group_pca_weighted_48,beh_r_mean,-0.029815702784812437,2,26,50,6.16908073425293e-06
ae_waveamp_48,group_pca_weighted_48,r2_wave,0.0002570886490044777,19,26,50,0.11053428053855896
ae_waveamp_48,group_pca_weighted_48,r2_amp_spatial,-0.18230803233512785,0,26,50,2.9802322387695312e-08
ae_waveamp_48,group_pca_weighted_48,r2_env_gamma,-0.1935227378024303,0,26,50,2.9802322387695312e-08
bank_wave+rms+psd,group_pca_weighted_48,beh_r_mean,0.024644728835736374,23,26,50,2.6226043701171875e-06
bank_wave+rms+psd,group_pca_weighted_48,r2_wave,-0.035560948760190225,0,26,50,2.9802322387695312e-08
bank_wave+rms+psd,group_pca_weighted_48,r2_amp_spatial,0.6546227435972565,26,26,50,2.9802322387695312e-08
bank_wave+rms+psd,group_pca_weighted_48,r2_env_gamma,0.3154831996207287,26,26,50,2.9802322387695312e-08
waveform_pca_16,group_pca_pooled_48,beh_r_mean,-0.26661027248784064,1,26,50,5.960464477539063e-08
waveform_pca_16,group_pca_pooled_48,r2_wave,0.8673404224237524,26,26,50,2.9802322387695312e-08
waveform_pca_16,group_pca_pooled_48,r2_amp_spatial,-0.4555539657950792,0,26,50,2.9802322387695312e-08
waveform_pca_16,group_pca_pooled_48,r2_env_gamma,-0.44382945370061366,0,26,50,2.9802322387695312e-08
waveform_pca_48,group_pca_pooled_48,beh_r_mean,-0.23577592012560075,1,26,50,8.940696716308594e-08
waveform_pca_48,group_pca_pooled_48,r2_wave,0.9038617021864179,26,26,50,2.9802322387695312e-08
waveform_pca_48,group_pca_pooled_48,r2_amp_spatial,-0.46825665271709976,0,26,50,2.9802322387695312e-08
waveform_pca_48,group_pca_pooled_48,r2_env_gamma,-0.44199632457040905,0,26,50,2.9802322387695312e-08
group_pca_weighted_48,group_pca_pooled_48,beh_r_mean,0.008284324773252472,17,26,50,0.24723756313323975
group_pca_weighted_48,group_pca_pooled_48,r2_wave,0.8587839118690286,26,26,50,2.9802322387695312e-08
group_pca_weighted_48,group_pca_pooled_48,r2_amp_spatial,-0.10417542661576856,0,26,50,2.9802322387695312e-08
group_pca_weighted_48,group_pca_pooled_48,r2_env_gamma,-0.07579250086538669,0,26,50,2.9802322387695312e-08
group_wave+amp1,group_pca_pooled_48,beh_r_mean,0.004769037927707276,16,26,50,0.5153007805347443
group_wave+amp1,group_pca_pooled_48,r2_wave,0.8587575460710324,26,26,50,2.9802322387695312e-08
group_wave+amp1,group_pca_pooled_48,r2_amp_spatial,-0.11345314511779676,0,26,50,2.9802322387695312e-08
group_wave+amp1,group_pca_pooled_48,r2_env_gamma,-0.08316340153687365,0,26,50,2.9802322387695312e-08
group_wave+amp1_pooled,group_pca_pooled_48,beh_r_mean,0.00836828504902476,17,26,50,0.2369500696659088
group_wave+amp1_pooled,group_pca_pooled_48,r2_wave,0.8587847369158008,26,26,50,2.9802322387695312e-08
group_wave+amp1_pooled,group_pca_pooled_48,r2_amp_spatial,-0.10410885370259235,0,26,50,2.9802322387695312e-08
group_wave+amp1_pooled,group_pca_pooled_48,r2_env_gamma,-0.07575537474999869,0,26,50,2.9802322387695312e-08
ae_depth_48,group_pca_pooled_48,beh_r_mean,-0.025736877535162378,6,26,50,0.00028228759765625
ae_depth_48,group_pca_pooled_48,r2_wave,0.755043972937253,26,26,50,2.9802322387695312e-08
ae_depth_48,group_pca_pooled_48,r2_amp_spatial,-0.19686437437025103,0,26,50,2.9802322387695312e-08
ae_depth_48,group_pca_pooled_48,r2_env_gamma,-0.28778269257271943,0,26,50,2.9802322387695312e-08
ae_global_48,group_pca_pooled_48,beh_r_mean,0.02107863603868404,23,26,50,2.086162567138672e-06
ae_global_48,group_pca_pooled_48,r2_wave,0.6065947419285017,26,26,50,2.9802322387695312e-08
ae_global_48,group_pca_pooled_48,r2_amp_spatial,-0.07711670497890327,0,26,50,2.9802322387695312e-08
ae_global_48,group_pca_pooled_48,r2_env_gamma,-0.18592209060278236,0,26,50,2.9802322387695312e-08
ae_masked_48,group_pca_pooled_48,beh_r_mean,-0.013110851658869493,10,26,50,0.17308396100997925
ae_masked_48,group_pca_pooled_48,r2_wave,0.6995133690814443,26,26,50,2.9802322387695312e-08
ae_masked_48,group_pca_pooled_48,r2_amp_spatial,-0.15403857656808823,0,26,50,2.9802322387695312e-08
ae_masked_48,group_pca_pooled_48,r2_env_gamma,-0.2819387230117678,0,26,50,2.9802322387695312e-08
ae_anatomy_48,group_pca_pooled_48,beh_r_mean,-0.01739168928297108,7,26,50,0.012952595949172974
ae_anatomy_48,group_pca_pooled_48,r2_wave,0.7889556653909194,26,26,50,2.9802322387695312e-08
ae_anatomy_48,group_pca_pooled_48,r2_amp_spatial,-0.16860097971999,0,26,50,2.9802322387695312e-08
ae_anatomy_48,group_pca_pooled_48,r2_env_gamma,-0.292458680826578,0,26,50,2.9802322387695312e-08
ae_filterbank_48,group_pca_pooled_48,beh_r_mean,-0.042199307049187895,6,26,50,0.00016617774963378906
ae_filterbank_48,group_pca_pooled_48,r2_wave,0.7593381299586719,26,26,50,2.9802322387695312e-08
ae_filterbank_48,group_pca_pooled_48,r2_amp_spatial,-0.29198311176073677,0,26,50,2.9802322387695312e-08
ae_filterbank_48,group_pca_pooled_48,r2_env_gamma,-0.36494648945346597,0,26,50,2.9802322387695312e-08
ae_waveamp_48,group_pca_pooled_48,beh_r_mean,-0.022125486308833542,4,26,50,7.024407386779785e-05
ae_waveamp_48,group_pca_pooled_48,r2_wave,0.8589363696230709,26,26,50,2.9802322387695312e-08
ae_waveamp_48,group_pca_pooled_48,r2_amp_spatial,-0.3028132622187457,0,26,50,2.9802322387695312e-08
ae_waveamp_48,group_pca_pooled_48,r2_env_gamma,-0.27199535553860765,0,26,50,2.9802322387695312e-08
bank_wave+rms+psd,group_pca_pooled_48,beh_r_mean,0.030222272776436687,26,26,50,2.9802322387695312e-08
bank_wave+rms+psd,group_pca_pooled_48,r2_wave,0.8276762334243829,26,26,50,2.9802322387695312e-08
bank_wave+rms+psd,group_pca_pooled_48,r2_amp_spatial,0.5537168210376069,26,26,50,2.9802322387695312e-08
bank_wave+rms+psd,group_pca_pooled_48,r2_env_gamma,0.23899840049026608,26,26,50,2.9802322387695312e-08
waveform_pca_16,group_wave+amp1,beh_r_mean,-0.26376671516982264,1,26,50,5.960464477539063e-08
waveform_pca_16,group_wave+amp1,r2_wave,0.0089407178406114,24,26,50,5.662441253662109e-07
waveform_pca_16,group_wave+amp1,r2_amp_spatial,-0.336118325640149,0,26,50,2.9802322387695312e-08
waveform_pca_16,group_wave+amp1,r2_env_gamma,-0.33234232133448355,0,26,50,2.9802322387695312e-08
waveform_pca_48,group_wave+amp1,beh_r_mean,-0.2368161627139662,1,26,50,5.960464477539063e-08
waveform_pca_48,group_wave+amp1,r2_wave,0.02284923979119563,26,26,50,2.9802322387695312e-08
waveform_pca_48,group_wave+amp1,r2_amp_spatial,-0.3390650140959002,0,26,50,2.9802322387695312e-08
waveform_pca_48,group_wave+amp1,r2_env_gamma,-0.3127622408536501,0,26,50,2.9802322387695312e-08
group_pca_pooled_48,group_wave+amp1,beh_r_mean,-0.004769037927707276,10,26,50,0.5153007805347443
group_pca_pooled_48,group_wave+amp1,r2_wave,-0.8587575460710324,0,26,50,2.9802322387695312e-08
group_pca_pooled_48,group_wave+amp1,r2_amp_spatial,0.11345314511779676,26,26,50,2.9802322387695312e-08
group_pca_pooled_48,group_wave+amp1,r2_env_gamma,0.08316340153687365,26,26,50,2.9802322387695312e-08
group_pca_weighted_48,group_wave+amp1,beh_r_mean,0.0014065535378714467,17,26,50,0.4082431197166443
group_pca_weighted_48,group_wave+amp1,r2_wave,3.0269913508518265e-05,18,26,50,0.2269585132598877
group_pca_weighted_48,group_wave+amp1,r2_amp_spatial,0.008916324682661375,15,26,50,0.05251908302307129
group_pca_weighted_48,group_wave+amp1,r2_env_gamma,0.004077613888353149,16,26,50,0.020428627729415894
group_wave+amp1_pooled,group_wave+amp1,beh_r_mean,0.0012586005232658737,17,26,50,0.3666093051433563
group_wave+amp1_pooled,group_wave+amp1,r2_wave,4.278045243777395e-05,19,26,50,0.05251908302307129
group_wave+amp1_pooled,group_wave+amp1,r2_amp_spatial,0.008868785197254397,15,26,50,0.05935487151145935
group_wave+amp1_pooled,group_wave+amp1,r2_env_gamma,0.003947207775038181,16,26,50,0.023610919713974
ae_depth_48,group_wave+amp1,beh_r_mean,-0.026749200284834018,2,26,50,2.6941299438476562e-05
ae_depth_48,group_wave+amp1,r2_wave,-0.08277056764039958,0,26,50,2.9802322387695312e-08
ae_depth_48,group_wave+amp1,r2_amp_spatial,-0.0792605480504997,4,26,50,7.539987564086914e-06
ae_depth_48,group_wave+amp1,r2_env_gamma,-0.17560933589746974,0,26,50,2.9802322387695312e-08
ae_global_48,group_wave+amp1,beh_r_mean,0.01570887821877981,22,26,50,2.6941299438476562e-05
ae_global_48,group_wave+amp1,r2_wave,-0.2386945218643513,0,26,50,2.9802322387695312e-08
ae_global_48,group_wave+amp1,r2_amp_spatial,0.03612432692630349,21,26,50,9.450316429138184e-05
ae_global_48,group_wave+amp1,r2_env_gamma,-0.08552483403747424,4,26,50,3.7550926208496094e-05
ae_masked_48,group_wave+amp1,beh_r_mean,-0.01841241035678598,8,26,50,0.023610919713974
ae_masked_48,group_wave+amp1,r2_wave,-0.09189463388114893,0,26,50,2.9802322387695312e-08
ae_masked_48,group_wave+amp1,r2_amp_spatial,-0.032291933592896116,12,26,50,0.07514902949333191
ae_masked_48,group_wave+amp1,r2_env_gamma,-0.16785729588243314,1,26,50,8.940696716308594e-08
ae_anatomy_48,group_wave+amp1,beh_r_mean,-0.02172122645407573,6,26,50,0.002181529998779297
ae_anatomy_48,group_wave+amp1,r2_wave,-0.06690085076286356,0,26,50,2.9802322387695312e-08
ae_anatomy_48,group_wave+amp1,r2_amp_spatial,-0.043323348435002365,6,26,50,0.001971602439880371
ae_anatomy_48,group_wave+amp1,r2_env_gamma,-0.14615325524180084,0,26,50,2.9802322387695312e-08
ae_filterbank_48,group_wave+amp1,beh_r_mean,-0.046400174090645285,4,26,50,5.036592483520508e-06
ae_filterbank_48,group_wave+amp1,r2_wave,-0.0967948897649275,0,26,50,2.9802322387695312e-08
ae_filterbank_48,group_wave+amp1,r2_amp_spatial,-0.18147489337012784,0,26,50,2.9802322387695312e-08
ae_filterbank_48,group_wave+amp1,r2_env_gamma,-0.2516144739643712,0,26,50,2.9802322387695312e-08
ae_waveamp_48,group_wave+amp1,beh_r_mean,-0.0228470938529802,2,26,50,9.149312973022461e-06
ae_waveamp_48,group_wave+amp1,r2_wave,0.000307292961060579,19,26,50,0.06688320636749268
ae_waveamp_48,group_wave+amp1,r2_amp_spatial,-0.16728527777111413,0,26,50,2.9802322387695312e-08
ae_waveamp_48,group_wave+amp1,r2_env_gamma,-0.16042597657403138,0,26,50,2.9802322387695312e-08
bank_wave+rms+psd,group_wave+amp1,beh_r_mean,0.023687156730470893,23,26,50,4.082918167114258e-06
bank_wave+rms+psd,group_wave+amp1,r2_wave,-0.035510173727544336,0,26,50,2.9802322387695312e-08
bank_wave+rms+psd,group_wave+amp1,r2_amp_spatial,0.6681724856996998,26,26,50,2.9802322387695312e-08
bank_wave+rms+psd,group_wave+amp1,r2_env_gamma,0.36055479415849545,26,26,50,2.9802322387695312e-08
waveform_pca_16,group_wave+amp1_pooled,beh_r_mean,-0.2648980008078452,1,26,50,5.960464477539063e-08
waveform_pca_16,group_wave+amp1_pooled,r2_wave,0.008928419585267855,24,26,50,5.662441253662109e-07
waveform_pca_16,group_wave+amp1_pooled,r2_amp_spatial,-0.3552900571809956,0,26,50,2.9802322387695312e-08
waveform_pca_16,group_wave+amp1_pooled,r2_env_gamma,-0.3625800686432734,0,26,50,2.9802322387695312e-08
waveform_pca_48,group_wave+amp1_pooled,beh_r_mean,-0.24042429089919518,1,26,50,5.960464477539063e-08
waveform_pca_48,group_wave+amp1_pooled,r2_wave,0.022772198822053724,26,26,50,2.9802322387695312e-08
waveform_pca_48,group_wave+amp1_pooled,r2_amp_spatial,-0.36095682672466406,0,26,50,2.9802322387695312e-08
waveform_pca_48,group_wave+amp1_pooled,r2_env_gamma,-0.362637361759673,0,26,50,2.9802322387695312e-08
group_pca_pooled_48,group_wave+amp1_pooled,beh_r_mean,-0.00836828504902476,9,26,50,0.2369500696659088
group_pca_pooled_48,group_wave+amp1_pooled,r2_wave,-0.8587847369158008,0,26,50,2.9802322387695312e-08
group_pca_pooled_48,group_wave+amp1_pooled,r2_amp_spatial,0.10410885370259235,26,26,50,2.9802322387695312e-08
group_pca_pooled_48,group_wave+amp1_pooled,r2_env_gamma,0.07575537474999869,26,26,50,2.9802322387695312e-08
group_pca_weighted_48,group_wave+amp1_pooled,beh_r_mean,4.911414175440276e-05,13,26,50,0.8028007447719574
group_pca_weighted_48,group_wave+amp1_pooled,r2_wave,-7.104863531171013e-06,5,26,50,0.00863465666770935
group_pca_weighted_48,group_wave+amp1_pooled,r2_amp_spatial,0.0001235743496175723,16,26,50,0.17308396100997925
group_pca_weighted_48,group_wave+amp1_pooled,r2_env_gamma,7.913049329649757e-06,13,26,50,0.6170915961265564
group_wave+amp1,group_wave+amp1_pooled,beh_r_mean,-0.0012586005232658737,9,26,50,0.3666093051433563
group_wave+amp1,group_wave+amp1_pooled,r2_wave,-4.278045243777395e-05,7,26,50,0.05251908302307129
group_wave+amp1,group_wave+amp1_pooled,r2_amp_spatial,-0.008868785197254397,11,26,50,0.05935487151145935
group_wave+amp1,group_wave+amp1_pooled,r2_env_gamma,-0.003947207775038181,10,26,50,0.023610919713974
ae_depth_48,group_wave+amp1_pooled,beh_r_mean,-0.02593397248947249,1,26,50,1.4901161193847656e-07
ae_depth_48,group_wave+amp1_pooled,r2_wave,-0.08299688396486016,0,26,50,2.9802322387695312e-08
ae_depth_48,group_wave+amp1_pooled,r2_amp_spatial,-0.08932410418888824,1,26,50,5.960464477539063e-08
ae_depth_48,group_wave+amp1_pooled,r2_env_gamma,-0.20539563717161116,0,26,50,2.9802322387695312e-08
ae_global_48,group_wave+amp1_pooled,beh_r_mean,0.016407209625727726,23,26,50,1.1056661605834961e-05
ae_global_48,group_wave+amp1_pooled,r2_wave,-0.2389631418180146,0,26,50,2.9802322387695312e-08
ae_global_48,group_wave+amp1_pooled,r2_amp_spatial,0.029897711769773863,19,26,50,0.006130725145339966
ae_global_48,group_wave+amp1_pooled,r2_env_gamma,-0.10982121931415154,0,26,50,2.9802322387695312e-08
ae_masked_48,group_wave+amp1_pooled,beh_r_mean,-0.018602527707728633,5,26,50,0.0009347796440124512
ae_masked_48,group_wave+amp1_pooled,r2_wave,-0.09190585776993748,0,26,50,2.9802322387695312e-08
ae_masked_48,group_wave+amp1_pooled,r2_amp_spatial,-0.052614771602089994,6,26,50,0.0002174675464630127
ae_masked_48,group_wave+amp1_pooled,r2_env_gamma,-0.2007611959275276,0,26,50,2.9802322387695312e-08
ae_anatomy_48,group_wave+amp1_pooled,beh_r_mean,-0.023956670107858208,4,26,50,7.024407386779785e-05
ae_anatomy_48,group_wave+amp1_pooled,r2_wave,-0.06698296334213116,0,26,50,2.9802322387695312e-08
ae_anatomy_48,group_wave+amp1_pooled,r2_amp_spatial,-0.07536124885812963,2,26,50,5.662441253662109e-07
ae_anatomy_48,group_wave+amp1_pooled,r2_env_gamma,-0.20035177847392946,0,26,50,2.9802322387695312e-08
ae_filterbank_48,group_wave+amp1_pooled,beh_r_mean,-0.045760950033930936,4,26,50,3.2782554626464844e-06
ae_filterbank_48,group_wave+amp1_pooled,r2_wave,-0.09681893842414474,0,26,50,2.9802322387695312e-08
ae_filterbank_48,group_wave+amp1_pooled,r2_amp_spatial,-0.18295862055244178,0,26,50,2.9802322387695312e-08
ae_filterbank_48,group_wave+amp1_pooled,r2_env_gamma,-0.2990878807312475,0,26,50,2.9802322387695312e-08
ae_waveamp_48,group_wave+amp1_pooled,beh_r_mean,-0.02983155059525927,2,26,50,6.16908073425293e-06
ae_waveamp_48,group_wave+amp1_pooled,r2_wave,0.0002683679418228335,19,26,50,0.12910079956054688
ae_waveamp_48,group_wave+amp1_pooled,r2_amp_spatial,-0.1819072537449909,0,26,50,2.9802322387695312e-08
ae_waveamp_48,group_wave+amp1_pooled,r2_env_gamma,-0.19342268555169867,0,26,50,2.9802322387695312e-08
bank_wave+rms+psd,group_wave+amp1_pooled,beh_r_mean,0.024841869606747558,23,26,50,4.082918167114258e-06
bank_wave+rms+psd,group_wave+amp1_pooled,r2_wave,-0.03557143097725651,0,26,50,2.9802322387695312e-08
bank_wave+rms+psd,group_wave+amp1_pooled,r2_amp_spatial,0.6545557361659486,26,26,50,2.9802322387695312e-08
bank_wave+rms+psd,group_wave+amp1_pooled,r2_env_gamma,0.3151753851995884,26,26,50,2.9802322387695312e-08
waveform_pca_16,ae_depth_48,beh_r_mean,-0.2367544599215483,1,26,50,8.940696716308594e-08
waveform_pca_16,ae_depth_48,r2_wave,0.10268004955208804,26,26,50,2.9802322387695312e-08
waveform_pca_16,ae_depth_48,r2_amp_spatial,-0.28116366551863703,0,26,50,2.9802322387695312e-08
waveform_pca_16,ae_depth_48,r2_env_gamma,-0.14338027182412844,0,26,50,2.9802322387695312e-08
waveform_pca_48,ae_depth_48,beh_r_mean,-0.21570900358697156,1,26,50,8.940696716308594e-08
waveform_pca_48,ae_depth_48,r2_wave,0.12437821585496844,26,26,50,2.9802322387695312e-08
waveform_pca_48,ae_depth_48,r2_amp_spatial,-0.28343133075459265,0,26,50,2.9802322387695312e-08
waveform_pca_48,ae_depth_48,r2_env_gamma,-0.14158904799327304,0,26,50,2.9802322387695312e-08
group_pca_pooled_48,ae_depth_48,beh_r_mean,0.025736877535162378,20,26,50,0.00028228759765625
group_pca_pooled_48,ae_depth_48,r2_wave,-0.755043972937253,0,26,50,2.9802322387695312e-08
group_pca_pooled_48,ae_depth_48,r2_amp_spatial,0.19686437437025103,26,26,50,2.9802322387695312e-08
group_pca_pooled_48,ae_depth_48,r2_env_gamma,0.28778269257271943,26,26,50,2.9802322387695312e-08
group_pca_weighted_48,ae_depth_48,beh_r_mean,0.025974654424065435,25,26,50,1.4901161193847656e-07
group_pca_weighted_48,ae_depth_48,r2_wave,0.08295013641880483,26,26,50,2.9802322387695312e-08
group_pca_weighted_48,ae_depth_48,r2_amp_spatial,0.08944764755652661,25,26,50,5.960464477539063e-08
group_pca_weighted_48,ae_depth_48,r2_env_gamma,0.20546431400289314,26,26,50,2.9802322387695312e-08
group_wave+amp1,ae_depth_48,beh_r_mean,0.026749200284834018,24,26,50,2.6941299438476562e-05
group_wave+amp1,ae_depth_48,r2_wave,0.08277056764039958,26,26,50,2.9802322387695312e-08
group_wave+amp1,ae_depth_48,r2_amp_spatial,0.0792605480504997,22,26,50,7.539987564086914e-06
group_wave+amp1,ae_depth_48,r2_env_gamma,0.17560933589746974,26,26,50,2.9802322387695312e-08
group_wave+amp1_pooled,ae_depth_48,beh_r_mean,0.02593397248947249,25,26,50,1.4901161193847656e-07
group_wave+amp1_pooled,ae_depth_48,r2_wave,0.08299688396486016,26,26,50,2.9802322387695312e-08
group_wave+amp1_pooled,ae_depth_48,r2_amp_spatial,0.08932410418888824,25,26,50,5.960464477539063e-08
group_wave+amp1_pooled,ae_depth_48,r2_env_gamma,0.20539563717161116,26,26,50,2.9802322387695312e-08
ae_global_48,ae_depth_48,beh_r_mean,0.046997321276089965,26,26,50,2.9802322387695312e-08
ae_global_48,ae_depth_48,r2_wave,-0.16558545494315416,0,26,50,2.9802322387695312e-08
ae_global_48,ae_depth_48,r2_amp_spatial,0.11694296206327555,24,26,50,1.4901161193847656e-07
ae_global_48,ae_depth_48,r2_env_gamma,0.07957690093093878,25,26,50,1.4901161193847656e-07
ae_masked_48,ae_depth_48,beh_r_mean,0.014709227299560368,20,26,50,0.00046509504318237305
ae_masked_48,ae_depth_48,r2_wave,-0.009776347894674853,9,26,50,0.049346864223480225
ae_masked_48,ae_depth_48,r2_amp_spatial,0.02793955008442431,20,26,50,0.00028228759765625
ae_masked_48,ae_depth_48,r2_env_gamma,0.002689459884119026,14,26,50,0.9204553663730621
ae_anatomy_48,ae_depth_48,beh_r_mean,0.0025616397299797478,16,26,50,0.4677756428718567
ae_anatomy_48,ae_depth_48,r2_wave,0.022629867055753317,17,26,50,0.24723756313323975
ae_anatomy_48,ae_depth_48,r2_amp_spatial,0.02420434731688005,15,26,50,0.025350749492645264
ae_anatomy_48,ae_depth_48,r2_env_gamma,0.013049834086734907,15,26,50,0.05935487151145935
ae_filterbank_48,ae_depth_48,beh_r_mean,-0.013852836650304678,10,26,50,0.07514902949333191
ae_filterbank_48,ae_depth_48,r2_wave,0.008679894752090467,17,26,50,0.8612560033798218
ae_filterbank_48,ae_depth_48,r2_amp_spatial,-0.0965130862847833,4,26,50,4.082918167114258e-06
ae_filterbank_48,ae_depth_48,r2_env_gamma,-0.07556125827640167,2,26,50,7.450580596923828e-07
ae_waveamp_48,ae_depth_48,beh_r_mean,-0.001230091624893015,10,26,50,0.2078540325164795
ae_waveamp_48,ae_depth_48,r2_wave,0.08373763452580657,26,26,50,2.9802322387695312e-08
ae_waveamp_48,ae_depth_48,r2_amp_spatial,-0.10042399576779387,2,26,50,1.4901161193847656e-07
ae_waveamp_48,ae_depth_48,r2_env_gamma,0.016978059134440032,14,26,50,0.5153007805347443
bank_wave+rms+psd,ae_depth_48,beh_r_mean,0.054550113771706266,26,26,50,2.9802322387695312e-08
bank_wave+rms+psd,ae_depth_48,r2_wave,0.04539469108671873,22,26,50,1.3321638107299805e-05
bank_wave+rms+psd,ae_depth_48,r2_amp_spatial,0.7415551342107338,26,26,50,2.9802322387695312e-08
bank_wave+rms+psd,ae_depth_48,r2_env_gamma,0.5439667998394067,26,26,50,2.9802322387695312e-08
