pid,probe_serial,probe_name,eid,lab,pname,spike_sorting,spike_sorting_version,histology,record_length,channel_count,neuropixel_version,bwm,to_check,severity,notes,start_s,end_s,min_coverage,mean_coverage,n_signals,n_regions,span_um,error,simultaneous_n,base_score,selected_rank
db2100c3-64ac-463e-97a1-20ce8266cd5f,18194816231.0,probe00,0cc486c3-8c7b-494d-aa04-b70e2690bcba,wittenlab,probe00,alf/probe00/pykilosort,pykilosort_ibl_1.2.0,alf,4400.363439478234,384,3B2,True,,,,56.682618141174316,156.68261814117432,1.0,1.0,5,10,3794.500625905865,,2,13.073073836117608,8
d8ccc6bb-f0d9-494a-b682-f12c73e228c6,18194802772.0,probe01,0cc486c3-8c7b-494d-aa04-b70e2690bcba,wittenlab,probe01,alf/probe01/pykilosort,pykilosort_ibl_1.2.0,alf,4400.370531022697,384,3B2,True,1.0,LOW,,56.682618141174316,156.68261814117432,1.0,1.0,5,6,3713.112575724038,,2,12.963007218011489,9
ee320f72-b613-4acd-b10d-3ceef332a949,18005112812.0,probe00,1928bf72-2002-46a6-8930-728420402e01,mrsicflogellab,probe00,alf/probe00/pykilosort,2.35.0,alf,5581.832732509702,384,3B2,True,,,,50.00043328999891,150.0004332899989,1.0,1.0,5,7,3628.7637013175713,,2,12.987469609238707,4
68f06c5f-8566-4a4f-a4b1-ab8398724913,19108317381.0,probe01,1928bf72-2002-46a6-8930-728420402e01,mrsicflogellab,probe01,alf/probe01/pykilosort,2.35.0,alf,5581.9114666666665,384,3B2,True,,,,50.00043328999891,150.0004332899989,1.0,1.0,5,10,4133.372714866154,,2,13.082959655079609,5
7be00744-2e27-4062-8f56-3969e24e9990,18194803852.0,probe00,1a507308-c63a-4e02-8f32-3239a07dc578,mainenlab,probe00,alf/probe00/pykilosort,pykilosort_ibl_1.2.1,alf,5349.855866666667,384,3B2,True,1.0,LOW,,40.00709928991273,140.00709928991273,1.0,1.0,5,11,3679.0115520340514,,2,13.09662778317257,30
834fca72-0b69-44e4-b77e-95a61290b50d,18194822261.0,probe01,1a507308-c63a-4e02-8f32-3239a07dc578,mainenlab,probe01,alf/probe01/pykilosort,pykilosort_ibl_1.2.1,alf,5349.910466666666,384,3B2,True,,,,40.00709928991273,140.00709928991273,1.0,1.0,5,9,3716.242860739863,,2,13.04386776769418,31
f639f4f3-ac14-4114-b712-f445463597e4,,probe00,1b715600-0cbc-442c-bd00-5b0ac2865de1,cortexlab,probe00,alf/probe00/pykilosort,2.35.0,alf,4893.9237,384,3B2,True,,,,92.7483880519867,192.7483880519867,1.0,1.0,5,10,3772.893584505134,,2,13.072443500051136,6
bbe6ebc1-d32f-42dd-a89c-211226737deb,,probe01,1b715600-0cbc-442c-bd00-5b0ac2865de1,cortexlab,probe01,alf/probe01/pykilosort,2.32.4,alf,4893.945361926828,384,3B2,True,,,,92.7483880519867,192.7483880519867,1.0,1.0,5,7,3918.5313575369023,,2,12.995922918566178,7
ec1e2af7-c107-4a18-ab05-cefb9174d516,19108306031.0,probe00,1dbba733-24a4-4400-9436-53f1bd8428e8,hausserlab,probe00,alf/probe00/pykilosort,patched_pykilosort_1.4.3,alf,4054.3283666666666,384,3B2,True,,,,103.75062489509583,203.75062489509583,1.0,1.0,5,10,4182.56512202739,,2,13.084394731166851,32
22609d51-0a6a-425d-a3ef-eeb43a9ba350,20097903501.0,probe01,1dbba733-24a4-4400-9436-53f1bd8428e8,hausserlab,probe01,alf/probe01/pykilosort,patched_pykilosort_1.4.3,alf,4054.336366666667,384,3B2,True,,,,103.75062489509583,203.75062489509583,1.0,1.0,5,7,3794.263301353769,,2,12.992297681946793,33
b2ea68e2-c732-4d17-8166-1a8595fff225,,probe00,3f859b5c-e73a-4044-b49e-34bb81e96715,cortexlab,probe00,alf/probe00/pykilosort,2.35.0,alf,4344.011195169927,384,3B2,True,,,,190.08259262889624,290.08259262889624,1.0,1.0,5,8,3712.1806259932987,,1,12.323679003793563,36
a6b71993-165b-4c43-845c-c062fe7d7a11,20097903501.0,probe00,49250fba-801c-4867-a0a7-a1e19538cb61,hausserlab,probe00,alf/probe00/pykilosort,patched_pykilosort_ibl_1.3.3,alf,4292.811,384,3B2,True,,,,60.444488883018494,160.4444888830185,1.0,1.0,5,13,4368.798805163726,,1,12.477449723586753,49
63517fd4-ece1-49eb-9259-371dc30b1dd6,18005123432.0,probe00,4a45c8ba-db6f-4f11-9403-56e06a33dfa4,danlab,probe00,alf/probe00/pykilosort,2.32.4,alf,4799.3651,384,3B2,True,,,,50.01006565988064,150.01006565988064,1.0,1.0,5,10,3901.713213448677,,2,13.076201518406663,0
ca5404f7-297c-40f1-bbf0-5ac0a63e24f8,18005121511.0,probe01,4a45c8ba-db6f-4f11-9403-56e06a33dfa4,danlab,probe01,alf/probe01/pykilosort,2.35.0,alf,4799.393466666666,384,3B2,True,,,,50.01006565988064,150.01006565988064,1.0,1.0,5,9,3890.155395353764,,2,13.048941268547233,1
f86e9571-63ff-4116-9c40-aa44d57d2da9,714001507.0,probe00,4b7fbad4-f6de-43b4-9b15-c7c7ef44db4b,churchlandlab,probe00,alf/probe00/pykilosort,pykilosort_ibl_1.2.1,alf,5224.7072,384,3A,True,,,,10.047166667878628,110.04716666787863,1.0,1.0,5,9,4224.10428375058,,2,13.05868346438101,28
fd555d39-b728-44aa-90d2-796b8bb58300,714001528.0,probe01,4b7fbad4-f6de-43b4-9b15-c7c7ef44db4b,churchlandlab,probe01,alf/probe01/pykilosort,pykilosort_ibl_1.2.1,alf,5224.9924,384,3A,True,,,,10.047166667878628,110.04716666787863,1.0,1.0,5,5,3607.6711324620487,,2,12.933008127887154,29
e4632651-5ba7-48a7-86db-5298b45a5bac,19051004561.0,probe00,5bcafa14-71cb-42fa-8265-ce5cda1b89e0,angelakilab,probe00,alf/probe00/pykilosort,2.35.0,alf,4447.063633333333,384,3B2,True,,,,10.101056560873985,110.10105656087399,1.0,1.0,5,5,3807.3343693455663,,2,12.938832846645354,16
7c11adc6-adbd-484f-8ae9-13946285e3f8,19076618512.0,probe01,5bcafa14-71cb-42fa-8265-ce5cda1b89e0,angelakilab,probe01,alf/probe01/pykilosort,2.35.0,alf,4447.0616666666665,384,3B2,True,,,,10.101056560873985,110.10105656087399,1.0,1.0,5,7,3189.9521939991514,,2,12.97466828608134,17
478de1ce-d7e7-4221-9365-2abdc6e88fb6,19454418442.0,probe00,5c0c560e-9e1f-45e9-b66e-e4ee7855be84,steinmetzlab,probe00,alf/probe00/pykilosort,patched_pykilosort_ibl_1.4.1,alf,6561.479266666666,384,3B2,True,,,,12.413358688354492,112.41335868835449,1.0,1.0,5,9,4636.628624334711,,2,13.070717919508153,39
d5e5311c-8beb-4f8f-b798-3e9bfa6bcdd8,19051004341.0,probe01,5c0c560e-9e1f-45e9-b66e-e4ee7855be84,steinmetzlab,probe01,alf/probe01/pykilosort,patched_pykilosort_ibl_1.4.1,alf,6561.4919,384,3B2,True,,,,12.413358688354492,112.41335868835449,1.0,1.0,5,8,4097.856146816284,,2,13.028077386506595,40
1a276285-8b0e-4cc9-9f0a-a3a002978724,18005111742.0,probe00,69c9a415-f7fa-4208-887b-1417c1479b48,cortexlab,probe00,alf/probe00/pykilosort,pykilosort_ibl_1.2.1,alf,4971.3346,384,3B2,True,,,,12.202960014343262,112.20296001434326,1.0,1.0,5,6,3784.2934611364376,,2,12.965083757713833,18
72274871-80e5-4fb9-be1a-bb04acebb1de,18194814141.0,probe01,69c9a415-f7fa-4208-887b-1417c1479b48,cortexlab,probe01,alf/probe01/pykilosort,2.35.0,alf,4971.315733333333,384,3B2,True,,,,12.202960014343262,112.20296001434326,1.0,1.0,5,5,2797.045762943467,,2,12.909359984796783,19
10f59add-706e-41d0-87ed-9a55eb138a66,18005112812.0,probe00,7416f387-b302-4ca3-8daf-03b585a1b7ec,mrsicflogellab,probe00,alf/probe00/pykilosort,2.35.0,alf,4714.429610659883,384,3B2,True,,,,60.190380960702896,160.1903809607029,1.0,1.0,5,6,3696.9697050422255,,2,12.962536286641553,45
caf2170c-5463-46ce-8cd0-66f2e1e3376d,19108317381.0,probe01,7416f387-b302-4ca3-8daf-03b585a1b7ec,mrsicflogellab,probe01,alf/probe01/pykilosort,pykilosort_ibl_1.2.1,alf,4714.4986,384,3B2,True,,,,60.190380960702896,160.1903809607029,1.0,1.0,5,9,3712.5216497685237,,2,13.043759209866078,46
6a098711-5423-4072-8909-7cff0e2d4531,19108317012.0,probe00,75b6b132-d998-4fba-8482-961418ac957d,mrsicflogellab,probe00,alf/probe00/pykilosort,pykilosort_ibl_1.2.1,alf,4597.921866666667,384,3B2,True,,,,50.37682896852493,150.37682896852493,1.0,1.0,5,8,3822.865548250422,,2,13.020055164074483,2
88fe9ed9-9e3e-431a-8ecc-4cb2fe5bf448,19108320031.0,probe01,75b6b132-d998-4fba-8482-961418ac957d,mrsicflogellab,probe01,alf/probe01/pykilosort,2.35.0,alf,4597.86212978413,384,3B2,True,,,,50.37682896852493,150.37682896852493,1.0,1.0,5,10,4155.342825808721,,2,13.083600582870444,3
3017e4dc-2150-43ad-9b08-b95b48ba8dfa,18194814141.0,probe00,781b35fd-e1f0-4d14-b2bb-95b7263082bb,cortexlab,probe00,alf/probe00/pykilosort,2.35.0,alf,3544.7586333333334,384,3B2,True,,,,22.915992975234985,122.91599297523499,1.0,1.0,5,7,3613.8150201691287,,2,12.987033515619997,26
70da415f-444d-4148-ade7-a1f58a16fcf8,18005111742.0,probe01,781b35fd-e1f0-4d14-b2bb-95b7263082bb,cortexlab,probe01,alf/probe01/pykilosort,2.35.0,alf,3544.7960333333335,384,3B2,True,,,,22.915992975234985,122.91599297523499,1.0,1.0,5,12,3888.8601157665726,,2,13.129672712493882,27
523f8301-4f56-4faf-ab33-a9ff11331118,18194822331.0,probe00,88224abb-5746-431f-9c17-17d7ef806e6a,mainenlab,probe00,alf/probe00/pykilosort,2.32.4,alf,4732.665666666667,384,3B2,True,,,,40.001433189958334,140.00143318995833,1.0,1.0,5,9,3503.9905821791244,,2,13.03767579240769,43
ae03524f-e493-4077-99b1-588244de9a98,18194822261.0,probe01,88224abb-5746-431f-9c17-17d7ef806e6a,mainenlab,probe01,alf/probe01/pykilosort,2.35.0,alf,4732.714466666666,384,3B2,True,,,,40.001433189958334,140.00143318995833,1.0,1.0,5,7,4081.3540645231947,,2,13.000672899035528,44
a4d9d9d5-6ea3-4234-aa28-e064e83626fa,18005121511.0,probe00,9fe512b8-92a8-4642-83b6-01158ab66c3c,danlab,probe00,alf/probe00/pykilosort,2.35.0,alf,4839.2356666666665,384,3B2,True,,,,40.00006666000263,140.00006666000263,1.0,1.0,5,8,3981.5877486249124,,2,13.02468552163201,22
a3ebc7f4-813a-4f06-a33e-9825c878f9c2,18005123432.0,probe01,9fe512b8-92a8-4642-83b6-01158ab66c3c,danlab,probe01,alf/probe01/pykilosort,pykilosort_ibl_1.2.0,alf,4839.2187,384,3B2,True,,,,40.00006666000263,140.00006666000263,1.0,1.0,5,6,3704.2204308059204,,2,12.96274780999971,23
0b8ea3ec-e75b-41a1-9442-64f5fbc11a5a,18194822261.0,probe00,a4a74102-2af5-45dc-9e41-ef7f5aed88be,mainenlab,probe00,alf/probe00/pykilosort,pykilosort_ibl_1.2.1,alf,3350.9718666666668,384,3B2,True,,,,70.00126654002815,170.00126654002815,1.0,1.0,5,9,4113.34049161992,,2,13.055452183811672,24
a5f2ec22-0ff3-4249-bd2f-6247c3990e53,18194822331.0,probe01,a4a74102-2af5-45dc-9e41-ef7f5aed88be,mainenlab,probe01,alf/probe01/pykilosort,pykilosort_ibl_1.2.1,alf,3350.9448,384,3B2,True,,,,70.00126654002815,170.00126654002815,1.0,1.0,5,7,4122.807296005963,,2,13.001882202354329,25
825ba9b8-ce03-49b7-b1a8-4d85ae2185af,18005111742.0,probe00,a6fe44a8-07ab-49b8-81f9-e18575aa85cc,cortexlab,probe00,alf/probe00/pykilosort,2.35.0,alf,5344.1624,384,3B2,True,,,,23.466641426086426,123.46664142608643,1.0,1.0,5,7,3680.3502550708404,,2,12.988974529082778,34
50445b30-f4ef-4405-b014-1d792ddfed88,18194814141.0,probe01,a6fe44a8-07ab-49b8-81f9-e18575aa85cc,cortexlab,probe01,alf/probe01/pykilosort,pykilosort_ibl_1.2.1,alf,5344.1412,384,3B2,True,,,,23.466641426086426,123.46664142608643,1.0,1.0,5,8,3845.2002548631976,,2,13.020706728110993,35
4836a465-c691-4852-a0b1-dcd2b1ce38a1,19454418442.0,probe00,caa5dddc-9290-4e27-9f5e-575ba3598614,steinmetzlab,probe00,alf/probe00/pykilosort,patched_pykilosort_1.4.3,alf,2169.8216,384,3B2,True,,,,10.133886605501175,110.13388660550117,1.0,1.0,5,10,3296.227237312379,,2,13.058537848428768,41
d0046384-16ea-4f69-bae9-165e8d0aeacf,19454418662.0,probe01,caa5dddc-9290-4e27-9f5e-575ba3598614,steinmetzlab,probe01,alf/probe01/pykilosort,2.35.0,alf,2169.6238,384,3B2,True,,,,10.133886605501175,110.13388660550117,1.0,1.0,5,8,3857.9100559759036,,2,13.021077507519909,42
dab512bd-a02d-4c1f-8dbc-9155a163efc0,18005121511.0,probe00,d23a44ef-1402-4ed7-97f5-47e9a7a504d9,danlab,probe00,alf/probe00/pykilosort,pykilosort_ibl_1.2.0,alf,3668.9780333333333,384,3B2,True,,,,20.093124017119408,120.09312401711941,1.0,1.0,5,8,3700.456863685888,,2,13.016484170373896,12
ce99545f-c6a5-4d53-8b68-0ceb78bd942e,18005123432.0,probe01,d23a44ef-1402-4ed7-97f5-47e9a7a504d9,danlab,probe01,alf/probe01/pykilosort,pykilosort_ibl_1.2.0,alf,3668.9693333333335,384,3B2,True,,,,20.093124017119408,120.09312401711941,1.0,1.0,5,7,3547.819893963052,,2,12.985108258594407,13
ffb1b072-2de7-44a4-8115-5799b9866382,19108310162.0,probe00,d3a2b25e-46d3-4f0b-ade6-4e32255f4c35,mrsicflogellab,probe00,alf/probe00/pykilosort,2.35.0,alf,5813.6057,384,3B2,True,1.0,HIGH,,40.00046661999659,140.0004666199966,1.0,1.0,5,10,3649.121949181748,,2,13.068832745376143,20
0228bcfd-632e-49bd-acd4-c334cf9213e9,19108320031.0,probe01,d3a2b25e-46d3-4f0b-ade6-4e32255f4c35,mrsicflogellab,probe01,alf/probe01/pykilosort,2.35.0,alf,5813.527300223755,384,3B2,True,1.0,HIGH,,40.00046661999659,140.0004666199966,1.0,1.0,5,5,3115.095664662644,,2,12.918638364019236,21
ad315779-2b39-46c4-8348-b166e796fa7c,18194814141.0,probe00,dfbe628d-365b-461c-a07f-8b9911ba83aa,cortexlab,probe00,alf/probe00/pykilosort,2.35.0,alf,5362.3834,384,3B2,True,,,,20.031630367040634,120.03163036704063,1.0,1.0,5,8,3765.0318723750534,,2,13.018367998715526,10
df350b09-a420-42bb-9952-17862cbb9f1c,18005111742.0,probe01,dfbe628d-365b-461c-a07f-8b9911ba83aa,cortexlab,probe01,alf/probe01/pykilosort,2.35.0,alf,5362.4238,384,3B2,True,,,,20.031630367040634,120.03163036704063,1.0,1.0,5,6,3671.60196644462,,2,12.961796240826564,11
73ff4936-8cd3-4a75-a772-f563e67d249d,19051004302.0,probe00,ebe2efe3-e8a1-451a-8947-76ef42427cc9,angelakilab,probe00,alf/probe00/pykilosort,2.35.0,alf,4667.188533333333,384,3B2,True,1.0,HIGH,,20.03878415003419,120.03878415003419,1.0,1.0,5,4,3864.9223795569296,,2,12.913589768346768,14
ac088ddb-9e1e-49ae-b341-46a8445cf809,19051004222.0,probe01,ebe2efe3-e8a1-451a-8947-76ef42427cc9,angelakilab,probe01,alf/probe01/pykilosort,2.35.0,alf,4667.2144,384,3B2,True,,,,20.03878415003419,120.03878415003419,1.0,1.0,5,8,3713.141392406166,,2,13.016854212518504,15
f0c390da-d8e3-4b5f-8df7-bd2f153ed01b,19454418442.0,probe00,f56194bc-8215-4ae8-bc6a-89781ad8e050,steinmetzlab,probe00,alf/probe00/pykilosort,2.35.0,alf,5161.744366666667,384,3B2,True,1.0,HIGH,,10.2328100502491,110.2328100502491,1.0,1.0,5,7,3665.0469301224507,,2,12.988528089541473,37
18d316bf-d322-4c5c-814e-a58147f7bf5f,19051004341.0,probe01,f56194bc-8215-4ae8-bc6a-89781ad8e050,steinmetzlab,probe01,alf/probe01/pykilosort,2.35.0,alf,5161.755566666667,384,3B2,True,,,,10.2328100502491,110.2328100502491,1.0,1.0,5,6,3628.027149843286,,2,12.960525045109193,38
4ea45238-55b1-4d54-ba92-efa47feb9f57,,probe00,f819d499-8bf7-4da0-a431-15377a8319d5,cortexlab,probe00,alf/probe00/pykilosort,2.35.0,alf,4574.144912748344,384,3B2,True,,,,150.17538434267044,250.17538434267044,1.0,1.0,5,6,4064.4638022745385,,2,12.973257087301144,47
d4291925-ad00-47fe-baaf-3fdff0991e86,,probe01,f819d499-8bf7-4da0-a431-15377a8319d5,cortexlab,probe01,alf/probe01/pykilosort,2.35.0,alf,4574.145566666667,384,3B2,True,,,,150.17538434267044,250.17538434267044,1.0,1.0,5,8,3705.5771480297103,,2,13.016633542971126,48
